[
    {
        "id": "31",
        "name": "PROJECT MANAGEMENT, CONSTRUCTION MANAGEMENT & SITE MANAGEMENT",
        "type": "book",
        "price": 40,
        "image": "b1.JPEG",
        "link": "product_b1.html"
    },
    {
        "id": "32",
        "name": "PENGURUSAN PRAPEMBINAAN UKUR BAHAN",
        "type": "book",
        "price": 40,
        "image": "b2.JPEG",
        "link": "product_b2.html"
    },
    {
        "id": "33",
        "name": "SISTEM PANGKALAN DATA",
        "type": "book",
        "price": 25,
        "image": "b3.JPEG",
        "link": "product_b3.html"
    },
    {
        "id": "34",
        "name": "ASAS RANGKAIAN KOMPUTER",
        "type": "book",
        "price": 25,
        "image": "b4.JPEG",
        "link": "product_b4.html"
    },
    {
        "id": "35",
        "name": "NUMERICAL METHODS",
        "type": "book",
        "price": 20,
        "image": "b5.JPEG",
        "link": "product_b5.html"
    },
    {
        "id": "36",
        "name": "PENGURUSAN INFRASTRUKTUR TKNOLOGI MAKLUMAT",
        "type": "book",
        "price": 25,
        "image": "b9.JPEG",
        "link": "product_b9.html"
    },
    {
        "id": "37",
        "name": "CRIMINAL RESPONSIBILITY AND ITS EXCEPTIONS",
        "type": "book",
        "price": 40,
        "image": "b10.JPEG",
        "link": "product_b10.html"
    },
    {
        "id": "38",
        "name": "PEMBANGUNAN APLIKASI WAP",
        "type": "book",
        "price": 40,
        "image": "b11.JPEG",
        "link": "product_b11.html"
    },
    {
        "id": "39",
        "name": "HIMPUNAN ARTIKEL DALAM BIDANG TEKNOLOGI MAKLUMAT",
        "type": "book",
        "price": 30,
        "image": "b12.JPEG",
        "link": "product_b12.html"
    },
    {
        "id": "26",
        "name": "UTHM NOTEBOOK & PEN",
        "type": "pen book",
        "price": 15,
        "image": "pen5.JPEG",
        "link": "product_pen5.html"
    },
    {
        "id": "41",
        "name": "UTHM NOTEBOOK & PEN (BLACK)",
        "type": "pen book",
        "price": 20,
        "image": "buku.JPG",
        "link": "product_buku.html"
    }
]