[
    {
        "id": "4",
        "name": "THE VARSITY PROJECT (SO RED)",
        "type": "hoodie",
        "price": 100,
        "image": "hoodie2.JPG",
        "link": "product_hoodie4.html"
    },
    {
        "id": "5",
        "name": "THE VARSITY PROJECT (NAVY BLUE)",
        "type": "hoodie",
        "price": 100,
        "image": "hoodie3.JPG",
        "link": "product_hoodie4.html"
    },
    {
        "id": "6",
        "name": "THE VARSITY PROJECT (PITCH BLACK)",
        "type": "hoodie",
        "price": 100,
        "image": "hoodie1.JPG",
        "link": "product_hoodie4.html"
    },
    {
        "id": "7",
        "name": "CDVBOIS X UTHM",
        "type": "hoodie",
        "price": 160,
        "image": "hoodie4.JPG",
        "link": "product_hoodie4.html"
    }
]