[
    {
        "id": "8",
        "name": "GLORIOUS UTHM v4.0",
        "type": "jersey",
        "price": 60,
        "image": "jv4.0.JPG",
        "link": "product_jv4.0.html"
    },
    {
        "id": "9",
        "name": "UTHM STRIP RETRO JERSEY",
        "type": "jersey",
        "price": 40,
        "image": "shirt5.JPG",
        "link": "product_shirt5.html"
    },
    {
        "id": "10",
        "name": "LUBUK SUBLIMATION X UTHM (BLUE)",
        "type": "jersey",
        "price": 40,
        "image": "batik2.JPG",
        "link": "product_batik2.html"
    },
    {
        "id": "11",
        "name": "LUBUK SUBLIMATION X UTHM (BLACK)",
        "type": "jersey",
        "price": 40,
        "image": "black.JPG",
        "link": "product_black.html"
    },
    {
        "id": "12",
        "name": "LUBUK SUBLIMATION X UTHM (WHITE)",
        "type": "jersey",
        "price": 40,
        "image": "whiteshirt.JPG",
        "link": "product_whiteshirt.html"
    },
    {
        "id": "13",
        "name": "FIGHT LIKE JALIL X SEKRETARIAT SUKARELAWAN UTHM",
        "type": "jersey",
        "price": 38,
        "image": "tshirt.JPG",
        "link": "product_tshirt.html"
    },
    {
        "id": "14",
        "name": "JIM APPAREL X UTHM (BLUE)",
        "type": "jersey",
        "price": 45,
        "image": "blueshirt.JPG",
        "link": "product_blueshirt.html"
    },
    {
        "id": "15",
        "name": "JIM APPAREL X UTHM (RED)",
        "type": "jersey",
        "price": 45,
        "image": "short.JPG",
        "link": "product_blueshirt.html"
    },
    {
        "id": "16",
        "name": "PANDA STORE MY X UTHM (SHORT SLEEVE)",
        "type": "jersey",
        "price": 45,
        "image": "shirt2.JPG",
        "link": "product_shirt2.html"
    },
    {
        "id": "17",
        "name": "PANDA STORE MY X UTHM (LONG SLEEVE)",
        "type": "jersey",
        "price": 45,
        "image": "longsleeve.JPG",
        "link": "product_longsleeve.html"
    },
    {
        "id": "18",
        "name": "PANDA STORE MY X UTHM (MUSLIMAH)",
        "type": "jersey",
        "price": 45,
        "image": "muslimah.JPG",
        "link": "product_muslimah.html"
    },
    {
        "id": "19",
        "name": "AWINA X UTHM",
        "type": "jersey",
        "price": 45,
        "image": "jersey.JPG",
        "link": "product_jersey.html"
    },
    {
        "id": "20",
        "name": "HADARI DESIGN X UTHM (JAPANESE)",
        "type": "jersey",
        "price": 33,
        "image": "haikyuu.JPG",
        "link": "product_haiyuu.html"
    }
]