[
    {
        "id": "22",
        "name": "UTHM PLASTIC PEN (PP8202)",
        "type": "pen",
        "price": 8,
        "image": "pen1.JPEG",
        "link": "product_pen1.html"
    },
    {
        "id": "23",
        "name": "UTHM PLASTIC PEN (PP1598)",
        "type": "pen",
        "price": 8,
        "image": "pen2.JPEG",
        "link": "product_pen2.html"
    },
    {
        "id": "24",
        "name": "UTHM PLASTIC PEN (PP8529)",
        "type": "pen",
        "price": 8,
        "image": "pen3.JPEG",
        "link": "product_pen3.html"
    },
    {
        "id": "25",
        "name": "UTHM CARD HOLDER & PEN",
        "type": "pen card",
        "price": 15,
        "image": "pen4.JPEG",
        "link": "product_pen4.html"
    },
    {
        "id": "26",
        "name": "UTHM NOTEBOOK & PEN",
        "type": "pen book",
        "price": 15,
        "image": "pen5.JPEG",
        "link": "product_pen5.html"
    }
]