[
    {
        "id": "1",
        "name": "UTHM PIN",
        "type": "pin",
        "price": 8,
        "image": "pin.JPEG",
        "link": "product_pin.html"
    },
    
    {
        "id": "2",
        "name": "UTHM UMBRELLA",
        "type": "umbrella",
        "price": 10,
        "image": "payung1.jpg",
        "link": "product_payung1.html"
    },
    {
        "id": "3",
        "name": "UTHM FACETOWEL",
        "type": "towel",
        "price": 5,
        "image": "ft.JPEG",
        "link": "product_ft.html"
    },
    {
        "id": "4",
        "name": "THE VARSITY PROJECT (SO RED)",
        "type": "hoodie",
        "price": 100,
        "image": "hoodie2.JPG",
        "link": "tshirt.html"
    },
    {
        "id": "5",
        "name": "THE VARSITY PROJECT (NAVY BLUE)",
        "type": "hoodie",
        "price": 100,
        "image": "hoodie3.JPG",
        "link": "tshirt.html"
    },
    {
        "id": "6",
        "name": "THE VARSITY PROJECT (PITCH BLACK)",
        "type": "hoodie",
        "price": 100,
        "image": "hoodie1.JPG",
        "link": "tshirt.html"
    },
    {
        "id": "7",
        "name": "CDVBOIS X UTHM",
        "type": "hoodie",
        "price": 160,
        "image": "hoodie4.JPG",
        "link": "product_hoodie4.html"
    },
    {
        "id": "8",
        "name": "GLORIOUS UTHM v4.0",
        "type": "jersey",
        "price": 60,
        "image": "jv4.0.JPG",
        "link": "product_jv40.html"
    },
    {
        "id": "9",
        "name": "UTHM STRIP RETRO JERSEY",
        "type": "jersey",
        "price": 40,
        "image": "shirt5.JPG",
        "link": "product_shirt5.html"
    },
    {
        "id": "10",
        "name": "LUBUK SUBLIMATION X UTHM (BLUE)",
        "type": "jersey",
        "price": 40,
        "image": "batik2.JPG",
        "link": "product_batik2.html"
    },
    {
        "id": "11",
        "name": "LUBUK SUBLIMATION X UTHM (BLACK)",
        "type": "jersey",
        "price": 40,
        "image": "black.JPG",
        "link": "product_black.html"
    },
    {
        "id": "12",
        "name": "LUBUK SUBLIMATION X UTHM (WHITE)",
        "type": "jersey",
        "price": 40,
        "image": "whiteshirt.JPG",
        "link": "product_whiteshirt.html"
    },
    {
        "id": "13",
        "name": "FIGHT LIKE JALIL X SEKRETARIAT SUKARELAWAN UTHM",
        "type": "jersey",
        "price": 38,
        "image": "tshirt.JPG",
        "link": "product_tshirt.html"
    },
    {
        "id": "14",
        "name": "JIM APPAREL X UTHM (BLUE)",
        "type": "jersey",
        "price": 45,
        "image": "blueshirt.JPG",
        "link": "product_blueshirt.html"
    },
    {
        "id": "15",
        "name": "JIM APPAREL X UTHM (RED)",
        "type": "jersey",
        "price": 45,
        "image": "short.JPG",
        "link": "product_blueshirt.html"
    },
    {
        "id": "16",
        "name": "PANDA STORE MY X UTHM (SHORT SLEEVE)",
        "type": "jersey",
        "price": 45,
        "image": "shirt2.JPG",
        "link": "product_shirt2.html"
    },
    {
        "id": "17",
        "name": "PANDA STORE MY X UTHM (LONG SLEEVE)",
        "type": "jersey",
        "price": 45,
        "image": "longsleeve.JPG",
        "link": "product_longsleeve.html"
    },
    {
        "id": "18",
        "name": "PANDA STORE MY X UTHM (MUSLIMAH)",
        "type": "jersey",
        "price": 45,
        "image": "muslimah.JPG",
        "link": "product_muslimah.html"
    },
    {
        "id": "19",
        "name": "AWINA X UTHM",
        "type": "jersey",
        "price": 45,
        "image": "jersey.JPG",
        "link": "product_jersey.html"
    },
    {
        "id": "20",
        "name": "HADARI DESIGN X UTHM (JAPANESE)",
        "type": "jersey",
        "price": 33,
        "image": "haikyuu.JPG",
        "link": "product_haikyuu.html"
    },
    {
        "id": "21",
        "name": "UTHM TIE",
        "type": "tie",
        "price": 15,
        "image": "tie.JPEG",
        "link": "product_tie.html"
    },
    {
        "id": "22",
        "name": "UTHM PLASTIC PEN (PP8202)",
        "type": "pen",
        "price": 8,
        "image": "pen1.JPEG",
        "link": "product_pen1.html"
    },
    {
        "id": "23",
        "name": "UTHM PLASTIC PEN (PP1598)",
        "type": "pen",
        "price": 8,
        "image": "pen2.JPEG",
        "link": "product_pen2.html"
    },
    {
        "id": "24",
        "name": "UTHM PLASTIC PEN (PP8529)",
        "type": "pen",
        "price": 8,
        "image": "pen3.JPEG",
        "link": "product_pen3.html"
    },
    {
        "id": "25",
        "name": "UTHM CARD HOLDER & PEN",
        "type": "pen card",
        "price": 15,
        "image": "pen4.JPEG",
        "link": "product_pen4.html"
    },
    {
        "id": "26",
        "name": "UTHM NOTEBOOK & PEN (BLUE)",
        "type": "pen book",
        "price": 15,
        "image": "pen5.JPEG",
        "link": "product_pen5.html"
    },
    {
        "id": "27",
        "name": "AERO UTHM LANYARD",
        "type": "lanyard",
        "price": 15,
        "image": "lanyard.JPG",
        "link": "product_lanyard.html"
    },
    {
        "id": "28",
        "name": "UTHM LANYARD (BLUE ROSE)",
        "type": "lanyard",
        "price": 15,
        "image": "lanyard1.JPG",
        "link": "product_lanyard1.html"
    },
    {
        "id": "29",
        "name": "UTHM LANYARD (ELECTRO)",
        "type": "lanyard",
        "price": 15,
        "image": "lanyard2.JPG",
        "link": "product_lanyard2.html"
    },
    {
        "id": "30",
        "name": "UTHM LANYARD (BATIK)",
        "type": "lanyard",
        "price": 15,
        "image": "lanyard3.JPG",
        "link": "product_lanyard3.html"
    },
    {
        "id": "31",
        "name": "PROJECT MANAGEMENT, CONSTRUCTION MANAGEMENT & SITE MANAGEMENT",
        "type": "book",
        "price": 40,
        "image": "b1.JPEG",
        "link": "product_b1.html"
    },
    {
        "id": "32",
        "name": "PENGURUSAN PRAPEMBINAAN UKUR BAHAN",
        "type": "book",
        "price": 40,
        "image": "b2.JPEG",
        "link": "product_b2.html"
    },
    {
        "id": "33",
        "name": "SISTEM PANGKALAN DATA",
        "type": "book",
        "price": 25,
        "image": "b3.JPEG",
        "link": "product_b3.html"
    },
    {
        "id": "34",
        "name": "ASAS RANGKAIAN KOMPUTER",
        "type": "book",
        "price": 25,
        "image": "b4.JPEG",
        "link": "product_b4.html"
    },
    {
        "id": "35",
        "name": "NUMERICAL METHODS",
        "type": "book",
        "price": 20,
        "image": "b5.JPEG",
        "link": "product_b5.html"
    },
    {
        "id": "36",
        "name": "PENGURUSAN INFRASTRUKTUR TKNOLOGI MAKLUMAT",
        "type": "book",
        "price": 25,
        "image": "b9.JPEG",
        "link": "product_b9.html"
    },
    {
        "id": "37",
        "name": "CRIMINAL RESPONSIBILITY AND ITS EXCEPTIONS",
        "type": "book",
        "price": 40,
        "image": "b10.JPEG",
        "link": "product_b10.html"
    },
    {
        "id": "38",
        "name": "PEMBANGUNAN APLIKASI WAP",
        "type": "book",
        "price": 40,
        "image": "b11.JPEG",
        "link": "product_b11.html"
    },
    {
        "id": "39",
        "name": "HIMPUNAN ARTIKEL DALAM BIDANG TEKNOLOGI MAKLUMAT",
        "type": "book",
        "price": 30,
        "image": "b12.JPEG",
        "link": "product_b12.html"
    },
    {
        "id": "40",
        "name": "UTHM TERMOS",
        "type": "termos",
        "price": 30,
        "image": "termos.JPEG",
        "link": "product_termos.html"
    },
    {
        "id": "41",
        "name": "UTHM NOTEBOOK & PEN (BLACK)",
        "type": "pen book",
        "price": 20,
        "image": "buku.JPG",
        "link": "product_buku.html"
    }
]